date,nav
2013-01-02,15.3987
2013-01-03,15.438
2013-01-04,15.4749
2013-01-07,15.5149
2013-01-08,15.5252
2013-01-09,15.5397
2013-01-10,15.5673
2013-01-11,15.5872
2013-01-14,15.6661
2013-01-15,15.6444
2013-01-16,15.5921
2013-01-17,15.6201
2013-01-18,15.6148
2013-01-21,15.6127
2013-01-22,15.6175
2013-01-23,15.6013
2013-01-24,15.5893
2013-01-28,15.6164
2013-01-29,15.6261
2013-01-30,15.5952
2013-01-31,15.5769
2013-02-01,15.5787
2013-02-04,15.5628
2013-02-05,15.5728
2013-02-06,15.5894
2013-02-07,15.6284
2013-02-08,15.6534
2013-02-11,15.6528
2013-02-12,15.6459
2013-02-13,15.6695
2013-02-14,15.6916
2013-02-15,15.6828
2013-02-18,15.6894
2013-02-20,15.7215
2013-02-21,15.714
2013-02-22,15.7223
2013-02-25,15.7285
2013-02-26,15.7172
2013-02-27,15.7242
2013-02-28,15.6723
2013-03-01,15.6591
2013-03-04,15.6814
2013-03-05,15.6937
2013-03-06,15.7134
2013-03-07,15.7176
2013-03-08,15.7383
2013-03-11,15.7448
2013-03-12,15.7184
2013-03-13,15.7125
2013-03-14,15.7476
2013-03-15,15.7565
2013-03-18,15.7506
2013-03-19,15.7321
2013-03-20,15.7162
2013-03-21,15.7163
2013-03-22,15.7004
2013-03-25,15.7165
2013-03-26,15.7
2013-03-28,15.7206
2013-04-02,15.7219
2013-04-03,15.7537
2013-04-04,15.77
2013-04-05,15.7917
2013-04-08,15.8292
2013-04-09,15.8536
2013-04-10,15.8549
2013-04-12,15.8905
2013-04-15,15.9346
2013-04-16,15.956
2013-04-17,15.9853
2013-04-18,16.0242
2013-04-22,16.0558
2013-04-23,16.0851
2013-04-25,16.0736
2013-04-26,16.0953
2013-04-29,16.0976
2013-04-30,16.1248
2013-05-02,16.1456
2013-05-03,16.1275
2013-05-06,16.1518
2013-05-07,16.1789
2013-05-08,16.2273
2013-05-09,16.3185
2013-05-10,16.3375
2013-05-13,16.3586
2013-05-14,16.4618
2013-05-15,16.5244
2013-05-16,16.5681
2013-05-17,16.5805
2013-05-20,16.6177
2013-05-21,16.6314
2013-05-22,16.6221
2013-05-23,16.6128
2013-05-24,16.6445
2013-05-27,16.6565
2013-05-28,16.6566
2013-05-29,16.6166
2013-05-30,16.6084
2013-05-31,16.5822
2013-06-03,16.5964
2013-06-04,16.6457
2013-06-05,16.6421
2013-06-06,16.6415
2013-06-07,16.6189
2013-06-10,16.5785
2013-06-11,16.5369
2013-06-12,16.5318
2013-06-13,16.5176
2013-06-14,16.5334
2013-06-17,16.6018
2013-06-18,16.5924
2013-06-19,16.5978
2013-06-20,16.4623
2013-06-21,16.4584
2013-06-24,16.398
2013-06-25,16.3876
2013-06-26,16.3241
2013-06-27,16.3241
2013-06-28,16.4207
2013-07-02,16.4169
2013-07-03,16.364
2013-07-04,16.4281
2013-07-05,16.4015
2013-07-08,16.3561
2013-07-09,16.3788
2013-07-10,16.3946
2013-07-11,16.43
2013-07-12,16.4014
2013-07-15,16.3888
2013-07-16,15.9345
2013-07-17,15.9524
2013-07-18,16.0342
2013-07-19,16.0613
2013-07-22,15.9719
2013-07-23,15.8818
2013-07-24,15.7513
2013-07-25,15.8439
2013-07-26,15.8925
2013-07-29,15.8932
2013-07-30,15.8115
2013-07-31,15.8001
2013-08-01,15.8772
2013-08-02,15.8112
2013-08-05,15.8664
2013-08-06,15.8362
2013-08-07,15.8586
2013-08-08,15.8865
2013-08-12,15.787
2013-08-13,15.6993
2013-08-14,15.6355
2013-08-16,15.4527
2013-08-19,15.2376
2013-08-20,15.4295
2013-08-21,15.8184
2013-08-22,15.8947
2013-08-23,15.8604
2013-08-26,15.8655
2013-08-27,15.6683
2013-08-28,15.5378
2013-08-29,15.6232
2013-08-30,15.6557
2013-09-02,15.7772
2013-09-03,15.7456
2013-09-04,15.8527
2013-09-05,15.8967
2013-09-06,15.8286
2013-09-10,15.8898
2013-09-11,15.8994
2013-09-12,15.871
2013-09-13,15.8787
2013-09-16,15.9226
2013-09-17,15.9425
2013-09-18,15.9929
2013-09-19,16.1576
2013-09-20,15.9437
2013-09-23,15.7881
2013-09-24,15.7755
2013-09-25,15.7923
2013-09-26,15.8317
2013-09-27,15.8565
2013-09-30,15.8592
2013-10-01,15.8876
2013-10-03,15.9588
2013-10-04,16.012
2013-10-07,16.0103
2013-10-08,16.1773
2013-10-09,16.1947
2013-10-10,16.1988
2013-10-11,16.1729
2013-10-14,16.1176
2013-10-15,16.0457
2013-10-17,16.0955
2013-10-18,16.1422
2013-10-21,16.1196
2013-10-22,16.1202
2013-10-23,16.1169
2013-10-24,16.1372
2013-10-25,16.1389
2013-10-28,16.1125
2013-10-29,16.1821
2013-10-30,16.192
2013-10-31,16.1724
2013-11-01,16.1459
2013-11-05,16.1508
2013-11-06,16.1112
2013-11-07,16.0739
2013-11-08,15.9901
2013-11-11,16.0027
2013-11-12,15.9458
2013-11-13,16.0397
2013-11-14,15.9945
2013-11-18,16.0455
2013-11-19,16.1014
2013-11-20,16.0921
2013-11-21,16.0773
2013-11-22,16.0646
2013-11-25,16.0874
2013-11-26,16.1097
2013-11-27,16.1488
2013-11-28,16.1483
2013-11-29,16.1343
2013-12-02,16.1541
2013-12-03,16.1494
2013-12-04,16.138
2013-12-05,16.1404
2013-12-06,16.1018
2013-12-09,16.0618
2013-12-10,16.0797
2013-12-11,16.0819
2013-12-12,16.0825
2013-12-13,16.0251
2013-12-16,16.0466
2013-12-17,16.0315
2013-12-18,16.1044
2013-12-19,16.1591
2013-12-20,16.138
2013-12-23,16.1225
2013-12-24,16.1064
2013-12-26,16.1122
2013-12-27,16.0875
2013-12-30,16.1407
2013-12-31,16.1689
2014-01-01,16.1573
2014-01-02,16.1643
2014-01-03,16.1755
2014-01-06,16.2271
2014-01-07,16.2279
2014-01-08,16.2202
2014-01-09,16.249
2014-01-10,16.2784
2014-01-13,16.3292
2014-01-15,16.3984
2014-01-16,16.4295
2014-01-17,16.4198
2014-01-20,16.5044
2014-01-21,16.4832
2014-01-22,16.4503
2014-01-23,16.4254
2014-01-24,16.3721
2014-01-27,16.3598
2014-01-28,16.341
2014-01-29,16.3265
2014-01-30,16.2964
2014-01-31,16.3083
2014-02-03,16.3225
2014-02-04,16.3623
2014-02-05,16.3618
2014-02-06,16.3674
2014-02-07,16.3649
2014-02-10,16.3898
2014-02-11,16.3523
2014-02-12,16.3088
2014-02-13,16.2829
2014-02-14,16.3027
2014-02-17,16.3101
2014-02-18,16.3274
2014-02-20,16.3357
2014-02-21,16.343
2014-02-24,16.3158
2014-02-25,16.3138
2014-02-26,16.3014
2014-02-28,16.3395
2014-03-03,16.3381
2014-03-04,16.352
2014-03-05,16.3581
2014-03-06,16.3803
2014-03-07,16.3836
2014-03-10,16.4185
2014-03-11,16.4459
2014-03-12,16.4617
2014-03-13,16.4669
2014-03-14,16.4613
2014-03-18,16.4757
2014-03-19,16.4875
2014-03-20,16.4882
2014-03-21,16.5113
2014-03-24,16.5427
2014-03-25,16.5516
2014-03-26,16.5586
2014-03-27,16.5558
2014-03-28,16.5739
2014-04-02,16.5234
2014-04-03,16.5105
2014-04-04,16.4828
2014-04-07,16.4881
2014-04-09,16.5052
2014-04-10,16.5232
2014-04-11,16.5538
2014-04-15,16.5742
2014-04-16,16.5897
2014-04-17,16.6437
2014-04-21,16.6705
2014-04-22,16.7099
2014-04-23,16.7103
2014-04-25,16.7098
2014-04-28,16.727
2014-04-29,16.7597
2014-04-30,16.771
2014-05-02,16.7896
2014-05-05,16.8424
2014-05-06,16.8214
2014-05-07,16.8085
2014-05-08,16.8315
2014-05-09,16.8497
2014-05-12,16.873
2014-05-13,16.8513
2014-05-15,16.8642
2014-05-16,16.8552
2014-05-19,16.8586
2014-05-20,16.8717
2014-05-21,16.9241
2014-05-22,16.9627
2014-05-23,17.021
2014-05-26,17.0039
2014-05-27,17.0251
2014-05-28,17.0183
2014-05-29,17.0447
2014-05-30,17.0735
2014-06-02,17.0764
2014-06-03,17.1372
2014-06-04,17.1694
2014-06-05,17.2305
2014-06-06,17.2732
2014-06-09,17.262
2014-06-10,17.2523
2014-06-11,17.2677
2014-06-12,17.2555
2014-06-13,17.2239
2014-06-16,17.2023
2014-06-17,17.2368
2014-06-18,17.1843
2014-06-19,17.176
2014-06-20,17.1439
2014-06-23,17.1164
2014-06-24,17.1529
2014-06-25,17.1616
2014-06-26,17.1515
2014-06-27,17.1424
2014-06-30,17.159
2014-07-02,17.2229
2014-07-03,17.2314
2014-07-04,17.2458
2014-07-07,17.2414
2014-07-08,17.214
2014-07-09,17.2198
2014-07-10,17.1931
2014-07-11,17.1531
2014-07-14,17.1435
2014-07-15,17.1844
2014-07-16,17.2
2014-07-17,17.2123
2014-07-18,17.1987
2014-07-21,17.2598
2014-07-22,17.2867
2014-07-23,17.3213
2014-07-24,17.3402
2014-07-25,17.3127
2014-07-28,17.2961
2014-07-30,17.2661
2014-07-31,17.2801
2014-08-01,17.2617
2014-08-04,17.2759
2014-08-05,17.1752
2014-08-06,17.1306
2014-08-07,17.1407
2014-08-08,17.1383
2014-08-11,17.1705
2014-08-12,17.1519
2014-08-13,17.2029
2014-08-14,17.2443
2014-08-19,17.2623
2014-08-20,17.3292
2014-08-21,17.3148
2014-08-22,17.3167
2014-08-25,17.2881
2014-08-26,17.2863
2014-08-27,17.3062
2014-08-28,17.3048
2014-09-01,17.3177
2014-09-02,17.3357
2014-09-03,17.3433
2014-09-04,17.3418
2014-09-05,17.3565
2014-09-08,17.3865
2014-09-09,17.3714
2014-09-10,17.3584
2014-09-11,17.3888
2014-09-12,17.3941
2014-09-15,17.4144
2014-09-16,17.4223
2014-09-17,17.4367
2014-09-18,17.4981
2014-09-19,17.5019
2014-09-22,17.5265
2014-09-23,17.5121
2014-09-24,17.5108
2014-09-25,17.5077
2014-09-26,17.5535
2014-09-29,17.5282
2014-09-30,17.5056
2014-10-01,17.5326
2014-10-07,17.5903
2014-10-08,17.632
2014-10-09,17.5899
2014-10-10,17.6097
2014-10-13,17.6488
2014-10-14,17.6866
2014-10-16,17.7309
2014-10-17,17.7228
2014-10-20,17.7648
2014-10-21,17.7835
2014-10-22,17.8008
2014-10-27,17.8704
2014-10-28,17.8933
2014-10-29,17.9061
2014-10-30,17.956
2014-10-31,18.0132
2014-11-03,18.0646
2014-11-05,18.157
2014-11-07,18.1482
2014-11-10,18.1846
2014-11-11,18.1717
2014-11-12,18.2002
2014-11-13,18.1498
2014-11-14,18.1373
2014-11-17,18.1866
2014-11-18,18.2249
2014-11-19,18.2232
2014-11-20,18.2282
2014-11-21,18.2322
2014-11-24,18.2536
2014-11-25,18.2699
2014-11-26,18.2778
2014-11-27,18.2851
2014-11-28,18.3693
2014-12-01,18.4364
2014-12-02,18.5585
2014-12-03,18.5689
2014-12-04,18.5778
2014-12-05,18.6168
2014-12-08,18.6491
2014-12-09,18.6967
2014-12-10,18.6962
2014-12-11,18.7688
2014-12-12,18.8174
2014-12-15,18.8213
2014-12-16,18.6261
2014-12-17,18.6352
2014-12-18,18.6781
2014-12-19,18.6384
2014-12-22,18.6322
2014-12-23,18.6668
2014-12-24,18.6506
2014-12-26,18.6339
2014-12-29,18.681
2014-12-30,18.7455
2014-12-31,18.7629
2015-01-01,18.748
2015-01-02,18.7136
2015-01-05,18.7034
2015-01-06,18.6909
2015-01-07,18.737
2015-01-08,18.7522
2015-01-09,18.763
2015-01-12,18.8328
2015-01-13,18.8705
2015-01-14,18.8699
2015-01-15,19.0341
2015-01-16,19.0865
2015-01-19,19.0714
2015-01-20,19.0876
2015-01-21,19.1563
2015-01-22,19.1526
2015-01-23,19.1643
2015-01-27,19.1781
2015-01-28,19.1977
2015-01-29,19.1914
2015-01-30,19.2138
2015-02-02,19.2842
2015-02-03,19.2351
2015-02-04,19.2176
2015-02-05,19.2346
2015-02-06,19.2322
2015-02-09,19.211
2015-02-10,19.2104
2015-02-11,19.2033
2015-02-12,19.1846
2015-02-13,19.2394
2015-02-16,19.2338
2015-02-18,19.2324
2015-02-20,19.2516
2015-02-23,19.2551
2015-02-24,19.2473
2015-02-25,19.268
2015-02-26,19.254
2015-02-27,19.2755
2015-03-02,19.268
2015-03-03,19.246
2015-03-04,19.3278
2015-03-05,19.2926
2015-03-09,19.2519
2015-03-10,19.2331
2015-03-11,19.2214
2015-03-12,19.251
2015-03-13,19.1851
2015-03-16,19.1988
2015-03-17,19.2187
2015-03-18,19.1995
2015-03-19,19.2379
2015-03-20,19.2411
2015-03-23,19.2473
2015-03-24,19.2395
2015-03-25,19.2127
2015-03-26,19.1937
2015-03-27,19.2076
2015-03-30,19.2529
2015-03-31,19.2947
2015-04-06,19.3416
2015-04-07,19.2682
2015-04-08,19.2548
2015-04-09,19.2733
2015-04-10,19.2592
2015-04-13,19.2587
2015-04-15,19.275
2015-04-16,19.2717
2015-04-17,19.2797
2015-04-20,19.2876
2015-04-21,19.3066
2015-04-22,19.3273
2015-04-23,19.327
2015-04-24,19.2979
2015-04-27,19.311
2015-04-28,19.3245
2015-04-29,19.2903
2015-04-30,19.2494
2015-05-05,19.2805
2015-05-06,19.2176
2015-05-07,19.1394
2015-05-08,19.0903
2015-05-11,19.1881
2015-05-12,19.1465
2015-05-13,19.1229
2015-05-14,19.1408
2015-05-15,19.1399
2015-05-18,19.179
2015-05-19,19.2474
2015-05-20,19.271
2015-05-21,19.2645
2015-05-22,19.285
2015-05-25,19.2881
2015-05-26,19.2645
2015-05-27,19.2725
2015-05-28,19.2961
2015-05-29,19.3221
2015-06-01,19.3185
2015-06-02,19.1864
2015-06-03,19.1359
2015-06-04,19.0627
2015-06-05,19.0748
2015-06-08,19.0598
2015-06-09,19.0934
2015-06-10,19.0498
2015-06-11,19.0007
2015-06-12,18.9697
2015-06-15,19.017
2015-06-16,18.9833
2015-06-17,19.0439
2015-06-18,19.1585
2015-06-19,19.2456
2015-06-22,19.2347
2015-06-23,19.2203
2015-06-24,19.179
2015-06-25,19.1163
2015-06-26,19.1069
2015-06-29,19.0602
2015-06-30,19.1044
2015-07-01,19.1527
2015-07-02,19.1785
2015-07-03,19.1981
2015-07-06,19.2695
2015-07-07,19.2609
2015-07-08,19.2714
2015-07-09,19.2648
2015-07-10,19.2618
2015-07-13,19.1777
2015-07-14,19.2106
2015-07-15,19.2027
2015-07-16,19.2094
2015-07-17,19.2249
2015-07-20,19.2248
2015-07-21,19.2337
2015-07-22,19.251
2015-07-23,19.2765
2015-07-24,19.2656
2015-07-27,19.2801
2015-07-28,19.3428
2015-07-29,19.3451
2015-07-30,19.3443
2015-07-31,19.3784
2015-08-03,19.3909
2015-08-04,19.3579
2015-08-05,19.3631
2015-08-06,19.3977
2015-08-07,19.3966
2015-08-10,19.4232
2015-08-11,19.4225
2015-08-12,19.4267
2015-08-13,19.4915
2015-08-14,19.5192
2015-08-17,19.5309
2015-08-19,19.5499
2015-08-20,19.5552
2015-08-21,19.5109
2015-08-24,19.4085
2015-08-25,19.4771
2015-08-26,19.515
2015-08-27,19.5545
2015-08-28,19.5488
2015-08-31,19.5495
2015-09-01,19.589
2015-09-02,19.6008
2015-09-03,19.6032
2015-09-04,19.5871
2015-09-07,19.5512
2015-09-08,19.5853
2015-09-09,19.6008
2015-09-10,19.5855
2015-09-11,19.5942
2015-09-14,19.6236
2015-09-15,19.6286
2015-09-16,19.6427
2015-09-18,19.7262
2015-09-21,19.7354
2015-09-22,19.7201
2015-09-23,19.7224
2015-09-24,19.7243
2015-09-28,19.725
2015-09-29,19.8799
2015-09-30,19.9858
2015-10-01,19.9721
2015-10-05,20.043
2015-10-06,20.0272
2015-10-07,20.011
2015-10-08,20.0326
2015-10-09,20.0417
2015-10-12,20.0066
2015-10-13,20.0185
2015-10-14,20.0335
2015-10-15,20.0431
2015-10-16,20.0404
2015-10-19,20.0418
2015-10-20,20.0461
2015-10-21,20.041
2015-10-23,20.0412
2015-10-26,20.0227
2015-10-27,20.032
2015-10-28,20.0471
2015-10-29,20.0188
2015-10-30,20.0135
2015-11-02,20.0458
2015-11-03,20.0413
2015-11-04,20.0251
2015-11-05,19.9942
2015-11-06,19.9907
2015-11-09,19.939
2015-11-10,19.972
2015-11-13,20.0244
2015-11-16,20.0226
2015-11-17,20.0086
2015-11-18,20.0023
2015-11-19,20.013
2015-11-20,19.9742
2015-11-23,19.957
2015-11-24,19.9824
2015-11-26,19.9706
2015-11-27,19.9242
2015-11-30,19.9132
2015-12-01,19.9651
2015-12-02,19.958
2015-12-03,20.0006
2015-12-04,19.9399
2015-12-07,19.9506
2015-12-08,19.9222
2015-12-09,19.9308
2015-12-10,19.9276
2015-12-11,19.9421
2015-12-14,19.9126
2015-12-15,19.924
2015-12-16,19.9808
2015-12-17,19.9948
2015-12-18,19.9608
2015-12-21,19.9244
2015-12-22,19.9325
2015-12-23,19.9677
2015-12-28,19.9738
2015-12-29,19.9656
2015-12-30,19.9718
2015-12-31,19.9674
2016-01-01,20.0011
2016-01-04,20.0159
2016-01-05,20.0276
2016-01-06,20.032
2016-01-07,20.0432
2016-01-08,20.0485
2016-01-11,20.0482
2016-01-12,20.0379
2016-01-13,20.0225
2016-01-14,19.9947
2016-01-15,19.9553
2016-01-18,19.9499
2016-01-19,19.9751
2016-01-20,20.0082
2016-01-21,20.054
2016-01-22,20.0335
2016-01-25,20.0108
2016-01-27,20.0238
2016-01-28,19.9966
2016-01-29,20.0138
2016-02-01,20.0132
2016-02-02,19.9604
2016-02-03,19.9486
2016-02-04,19.9636
2016-02-05,19.9823
2016-02-08,19.9825
2016-02-09,19.9764
2016-02-10,19.9777
2016-02-11,19.9823
2016-02-12,19.9748
2016-02-15,19.9523
2016-02-16,19.9154
2016-02-17,19.8894
2016-02-18,19.9066
2016-02-22,19.8692
2016-02-23,19.807
2016-02-24,19.7874
2016-02-25,19.7105
2016-02-26,19.7764
2016-02-29,20.0302
2016-03-01,20.0666
2016-03-02,20.0749
2016-03-03,20.0591
2016-03-04,20.0803
2016-03-08,20.0993
2016-03-09,20.0949
2016-03-10,20.1039
2016-03-11,20.1113
2016-03-14,20.1553
2016-03-15,20.1807
2016-03-16,20.223
2016-03-17,20.2988
2016-03-18,20.3179
2016-03-21,20.4206
2016-03-22,20.4161
2016-03-23,20.42
2016-03-28,20.4696
2016-03-29,20.4483
2016-03-30,20.4548
2016-03-31,20.5027
2016-04-04,20.5758
2016-04-05,20.5872
2016-04-06,20.6067
2016-04-07,20.6749
2016-04-11,20.7396
2016-04-12,20.7615
2016-04-13,20.7255
2016-04-18,20.7538
2016-04-20,20.7522
2016-04-21,20.7122
2016-04-22,20.7361
2016-04-25,20.7274
2016-04-26,20.7264
2016-04-27,20.7362
2016-04-28,20.7451
2016-04-29,20.7633
2016-05-02,20.7723
2016-05-03,20.7657
2016-05-04,20.7772
2016-05-05,20.7799
2016-05-06,20.7839
2016-05-09,20.8035
2016-05-10,20.8078
2016-05-11,20.8126
2016-05-12,20.8263
2016-05-13,20.8208
2016-05-16,20.827
2016-05-17,20.8307
2016-05-18,20.8175
2016-05-19,20.8261
2016-05-20,20.8224
2016-05-23,20.845
2016-05-24,20.8462
2016-05-25,20.85
2016-05-26,20.8452
2016-05-27,20.848
2016-05-30,20.8628
2016-05-31,20.8621
2016-06-01,20.8511
2016-06-02,20.8617
2016-06-03,20.865
2016-06-06,20.8884
2016-06-07,20.8848
2016-06-08,20.883
2016-06-09,20.8904
2016-06-10,20.8971
2016-06-13,20.885
2016-06-14,20.895
2016-06-15,20.9035
2016-06-16,20.9178
2016-06-17,20.9211
2016-06-20,20.9248
2016-06-21,20.9336
2016-06-22,20.9441
2016-06-23,20.9586
2016-06-24,20.9639
2016-06-27,21.0064
2016-06-28,21.0266
2016-06-29,21.0521
2016-06-30,21.0558
2016-07-01,21.091
2016-07-04,21.1077
2016-07-05,21.155
2016-07-07,21.1865
2016-07-08,21.2014
2016-07-11,21.223
2016-07-12,21.2929
2016-07-13,21.3583
2016-07-14,21.3641
2016-07-15,21.3837
2016-07-18,21.3745
2016-07-19,21.4054
2016-07-20,21.444
2016-07-21,21.4691
2016-07-22,21.4989
2016-07-25,21.5298
2016-07-26,21.5474
2016-07-27,21.5573
2016-07-28,21.6839
2016-07-29,21.7192
2016-08-01,21.7766
2016-08-02,21.7453
2016-08-03,21.7113
2016-08-04,21.7331
2016-08-05,21.7607
2016-08-08,21.7686
2016-08-09,21.8582
2016-08-10,21.9317
2016-08-11,21.9918
2016-08-12,21.9849
2016-08-16,21.9851
2016-08-18,21.9382
2016-08-19,21.9598
2016-08-22,21.9068
2016-08-23,21.9049
2016-08-24,21.9355
2016-08-25,21.9683
2016-08-26,21.9856
2016-08-29,21.9962
2016-08-30,22.0361
2016-08-31,22.0495
2016-09-01,22.0412
2016-09-02,22.0389
2016-09-06,22.0734
2016-09-07,22.1548
2016-09-08,22.1706
2016-09-09,22.171
2016-09-12,22.1453
2016-09-14,22.1341
2016-09-15,22.1469
2016-09-16,22.1633
2016-09-19,22.162
2016-09-20,22.1438
2016-09-21,22.1611
2016-09-22,22.2596
2016-09-23,22.2962
2016-09-26,22.3708
2016-09-27,22.4016
2016-09-28,22.4189
2016-09-29,22.3033
2016-09-30,22.3573
2016-10-03,22.4438
2016-10-04,22.494
2016-10-05,22.5758
2016-10-06,22.5518
2016-10-07,22.5184
2016-10-10,22.5536
2016-10-13,22.5267
2016-10-14,22.4936
2016-10-17,22.4866
2016-10-18,22.5167
2016-10-19,22.5192
2016-10-20,22.5048
2016-10-21,22.5107
2016-10-24,22.5149
2016-10-25,22.4915
2016-10-26,22.5006
2016-10-27,22.4845
2016-10-28,22.4835
2016-11-01,22.4764
2016-11-02,22.465
2016-11-03,22.4659
2016-11-04,22.4375
2016-11-07,22.4493
2016-11-08,22.4755
2016-11-09,22.6293
2016-11-10,22.684
2016-11-11,22.627
2016-11-15,22.8727
2016-11-16,23.0079
2016-11-17,23.0191
2016-11-18,23.0
2016-11-21,23.2216
2016-11-22,23.27
2016-11-23,23.3785
2016-11-24,23.5632
2016-11-25,23.5179
2016-11-28,23.3773
2016-11-29,23.3534
2016-11-30,23.4454
2016-12-01,23.4794
2016-12-02,23.4413
2016-12-05,23.4515
2016-12-06,23.4548
2016-12-07,23.1405
2016-12-08,23.0836
2016-12-09,23.0543
2016-12-13,23.0606
2016-12-14,23.0476
2016-12-15,22.914
2016-12-16,22.912
2016-12-19,22.9137
2016-12-20,22.9331
2016-12-21,22.9436
2016-12-22,22.8946
2016-12-23,22.8517
2016-12-26,22.7972
2016-12-27,22.7472
2016-12-28,22.7348
2016-12-29,22.839
2016-12-30,22.8977
2017-01-02,23.1331
2017-01-03,23.0985
2017-01-04,23.1735
2017-01-05,23.1632
2017-01-06,23.1515
2017-01-09,23.1406
2017-01-10,23.1388
2017-01-11,23.1389
2017-01-12,23.1763
2017-01-13,23.1513
2017-01-16,23.1356
2017-01-17,23.1559
2017-01-18,23.132
2017-01-19,23.1079
2017-01-20,23.1149
2017-01-23,23.1374
2017-01-24,23.1469
2017-01-25,23.1658
2017-01-27,23.1791
2017-01-30,23.179
2017-01-31,23.1787
2017-02-01,23.1824
2017-02-02,23.2146
2017-02-03,23.2076
2017-02-06,23.2008
2017-02-07,23.1898
2017-02-08,22.7982
2017-02-09,22.6389
2017-02-10,22.6962
2017-02-13,22.6995
2017-02-14,22.6781
2017-02-15,22.6902
2017-02-16,22.6978
2017-02-17,22.711
2017-02-20,22.6961
2017-02-22,22.6819
2017-02-23,22.6802
2017-02-27,22.7011
2017-02-28,22.7045
2017-03-01,22.66
2017-03-02,22.6559
2017-03-03,22.6768
2017-03-06,22.6517
2017-03-07,22.6339
2017-03-08,22.6319
2017-03-09,22.6064
2017-03-10,22.5588
2017-03-14,22.5685
2017-03-15,22.6189
2017-03-16,22.6805
2017-03-17,22.6672
2017-03-20,22.678
2017-03-21,22.7128
2017-03-22,22.798
2017-03-23,22.8225
2017-03-24,22.8524
2017-03-27,22.9665
2017-03-29,22.9681
2017-03-30,22.9892
2017-03-31,22.9984
2017-04-03,22.9945
2017-04-05,22.994
2017-04-06,22.8791
2017-04-07,22.8448
2017-04-10,22.8677
2017-04-11,22.9198
2017-04-12,22.9526
2017-04-13,22.9927
2017-04-17,22.9997
2017-04-18,23.0129
2017-04-19,23.0418
2017-04-20,23.04
2017-04-21,22.9887
2017-04-24,23.0026
2017-04-25,23.0363
2017-04-26,23.0105
2017-04-27,23.0072
2017-04-28,23.0036
2017-05-02,22.9929
2017-05-03,23.0055
2017-05-04,23.0051
2017-05-05,23.0296
2017-05-08,23.0597
2017-05-09,23.0611
2017-05-11,23.0722
2017-05-12,23.0987
2017-05-15,23.2037
2017-05-16,23.1806
2017-05-17,23.1907
2017-05-18,23.2057
2017-05-19,23.1958
2017-05-22,23.2523
2017-05-23,23.2706
2017-05-24,23.2712
2017-05-25,23.3028
2017-05-26,23.3327
2017-05-29,23.3221
2017-05-30,23.3296
2017-05-31,23.3466
2017-06-01,23.4262
2017-06-02,23.4237
2017-06-05,23.4295
2017-06-06,23.4481
2017-06-07,23.5922
2017-06-08,23.7293
2017-06-09,23.7634
2017-06-12,23.7592
2017-06-13,23.7957
2017-06-14,23.8025
2017-06-15,23.8085
2017-06-16,23.7908
2017-06-19,23.816
2017-06-20,23.8288
2017-06-21,23.8565
2017-06-22,23.8373
2017-06-23,23.8412
2017-06-27,23.846
2017-06-28,23.7824
2017-06-29,23.7888
2017-06-30,23.7868
2017-07-03,23.6929
2017-07-04,23.6895
2017-07-05,23.7143
2017-07-06,23.7389
2017-07-07,23.7481
2017-07-10,23.8289
2017-07-11,23.8282
2017-07-12,23.8446
2017-07-13,23.8678
2017-07-14,23.8583
2017-07-17,23.8792
2017-07-18,23.891
2017-07-19,23.9175
2017-07-20,23.919
2017-07-21,23.971
2017-07-24,24.0179
2017-07-25,23.9994
2017-07-26,23.9864
2017-07-27,23.9961
2017-07-28,23.9706
2017-07-31,23.9601
2017-08-01,23.9827
2017-08-02,23.9879
2017-08-03,24.0831
2017-08-04,24.0797
2017-08-07,24.0705
2017-08-08,24.0646
2017-08-09,24.0621
2017-08-10,24.0311
2017-08-11,24.0193
2017-08-14,24.0204
2017-08-16,24.0084
2017-08-18,24.0383
2017-08-21,24.0335
2017-08-22,24.0255
2017-08-23,24.0332
2017-08-24,24.0322
2017-08-28,24.0321
2017-08-29,24.0633
2017-08-30,24.0632
2017-08-31,24.0737
2017-09-01,24.126
2017-09-04,24.1258
2017-09-05,24.121
2017-09-06,24.136
2017-09-07,24.1302
2017-09-08,24.1149
2017-09-11,24.1108
2017-09-12,24.1095
2017-09-13,24.0859
2017-09-14,24.0816
2017-09-15,24.062
2017-09-18,24.0576
2017-09-19,24.0641
2017-09-20,24.0799
2017-09-21,23.9896
2017-09-22,24.0003
2017-09-25,24.0406
2017-09-26,24.0125
2017-09-27,24.0047
2017-09-28,24.0276
2017-09-29,24.0261
2017-10-03,24.0653
2017-10-04,24.022
2017-10-05,23.9859
2017-10-06,23.9723
2017-10-09,23.9734
2017-10-10,23.9916
2017-10-11,24.0009
2017-10-12,23.9957
2017-10-13,24.0321
2017-10-16,24.0464
2017-10-17,24.0363
2017-10-18,24.0412
2017-10-23,24.0242
2017-10-24,24.0375
2017-10-25,24.0238
2017-10-26,24.0349
2017-10-27,24.0346
2017-10-30,23.996
2017-10-31,24.0144
2017-11-01,24.0074
2017-11-02,24.026
2017-11-03,24.0341
2017-11-06,24.0274
2017-11-07,24.0058
2017-11-08,23.9992
2017-11-09,24.0025
2017-11-10,23.993
2017-11-13,23.9876
2017-11-14,23.9064
2017-11-15,23.9429
2017-11-16,23.8943
2017-11-17,23.9184
2017-11-20,24.0819
2017-11-21,24.0704
2017-11-22,24.0012
2017-11-23,23.986
2017-11-24,23.9845
2017-11-27,23.9736
2017-11-28,23.9927
2017-11-29,24.0116
2017-11-30,23.9859
2017-12-04,23.9856
2017-12-05,24.0045
2017-12-06,24.0245
2017-12-07,24.0132
2017-12-08,23.9941
2017-12-11,23.9365
2017-12-12,23.9054
2017-12-13,23.9006
2017-12-14,23.9276
2017-12-15,23.9339
2017-12-18,23.9196
2017-12-19,23.9242
2017-12-20,23.9019
2017-12-21,23.8838
2017-12-22,23.8497
2017-12-26,23.8409
2017-12-27,23.8747
2017-12-28,23.7055
2017-12-29,23.7653
2018-01-01,23.7826
2018-01-02,23.7644
2018-01-03,23.778
2018-01-04,23.7686
2018-01-05,23.851
2018-01-08,23.8596
2018-01-09,23.8367
2018-01-10,23.7686
2018-01-11,23.7682
2018-01-12,23.7662
2018-01-15,23.779
2018-01-16,23.6929
2018-01-17,23.7999
2018-01-18,23.7554
2018-01-19,23.7569
2018-01-22,23.7726
2018-01-23,23.8183
2018-01-24,23.7988
2018-01-25,23.7816
2018-01-29,23.6904
2018-01-30,23.6995
2018-01-31,23.7032
2018-02-01,23.5398
2018-02-02,23.5733
2018-02-05,23.55
2018-02-06,23.5785
2018-02-07,23.6412
2018-02-08,23.7048
2018-02-09,23.6808
2018-02-12,23.6823
2018-02-14,23.6947
2018-02-15,23.6291
2018-02-16,23.6297
2018-02-20,23.5557
2018-02-21,23.5245
2018-02-22,23.4732
2018-02-23,23.5292
2018-02-26,23.5066
2018-02-27,23.5153
2018-02-28,23.4863
2018-03-01,23.4722
2018-03-05,23.4779
2018-03-06,23.4721
2018-03-07,23.5558
2018-03-08,23.5842
2018-03-09,23.5663
2018-03-12,23.6267
2018-03-13,23.6182
2018-03-14,23.6174
2018-03-15,23.6578
2018-03-16,23.7157
2018-03-19,23.6898
2018-03-20,23.6938
2018-03-21,23.7087
2018-03-22,23.7307
2018-03-23,23.7452
2018-03-26,23.7136
2018-03-27,24.0245
2018-03-28,23.9875
2018-04-03,24.0699
2018-04-04,24.1153
2018-04-05,24.2859
2018-04-06,24.2468
2018-04-09,24.2115
2018-04-10,24.1028
2018-04-11,23.9939
2018-04-12,24.0259
2018-04-13,24.0426
2018-04-16,24.0309
2018-04-17,24.0209
2018-04-18,23.987
2018-04-19,23.9072
2018-04-20,23.8583
2018-04-23,23.846
2018-04-24,23.8526
2018-04-25,23.7967
2018-04-26,23.7905
2018-04-27,23.782
2018-05-02,23.8182
2018-05-03,23.8238
2018-05-04,23.8236
2018-05-07,23.8801
2018-05-08,23.9247
2018-05-09,23.8228
2018-05-10,23.8156
2018-05-11,23.8081
2018-05-14,23.7592
2018-05-15,23.7075
2018-05-16,23.7036
2018-05-17,23.7209
2018-05-18,23.7713
2018-05-21,23.7902
2018-05-22,23.7965
2018-05-23,23.7737
2018-05-24,23.7496
2018-05-25,23.8053
2018-05-28,23.8539
2018-05-29,23.8383
2018-05-30,23.8346
2018-05-31,23.804
2018-06-01,23.7779
2018-06-04,23.7698
2018-06-05,23.7922
2018-06-06,23.739
2018-06-07,23.6787
2018-06-08,23.6987
2018-06-11,23.7006
2018-06-12,23.6941
2018-06-13,23.7424
2018-06-14,23.7413
2018-06-15,23.7774
2018-06-18,23.7872
2018-06-19,23.8055
2018-06-20,23.8403
2018-06-21,23.9036
2018-06-22,23.8678
2018-06-25,23.869
2018-06-26,23.8765
2018-06-27,23.8482
2018-06-28,23.7981
2018-06-29,23.8301
2018-07-02,23.8409
2018-07-03,23.8563
2018-07-04,23.8716
2018-07-05,23.8453
2018-07-06,23.849
2018-07-09,23.8582
2018-07-10,23.8636
2018-07-11,23.8787
2018-07-12,23.9281
2018-07-13,23.9293
2018-07-16,23.9343
2018-07-17,23.9752
2018-07-18,23.976
2018-07-19,23.9667
2018-07-20,23.9735
2018-07-23,23.9714
2018-07-24,23.9813
2018-07-25,23.9877
2018-07-26,24.0079
2018-07-27,24.0082
2018-07-30,24.0164
2018-07-31,24.0336
2018-08-01,24.0872
2018-08-02,24.0831
2018-08-03,24.0636
2018-08-06,24.0739
2018-08-07,24.0713
2018-08-08,24.0795
2018-08-09,24.1008
2018-08-10,24.1057
2018-08-13,24.088
2018-08-14,24.0954
2018-08-16,24.0808
2018-08-20,24.1056
2018-08-21,24.1147
2018-08-23,24.1144
2018-08-24,24.1165
2018-08-27,24.1264
2018-08-28,24.1271
2018-08-29,24.1263
2018-08-30,24.1148
2018-08-31,24.1089
2018-09-03,24.1085
2018-09-04,24.069
2018-09-05,24.0525
2018-09-06,24.0517
2018-09-07,24.0716
2018-09-10,24.018
2018-09-11,24.0119
2018-09-12,24.0218
2018-09-14,24.0444
2018-09-17,24.0675
2018-09-18,24.0799
2018-09-19,24.0957
2018-09-21,24.1012
2018-09-24,24.0756
2018-09-25,24.0638
2018-09-26,24.0818
2018-09-27,24.1053
2018-09-28,24.1226
2018-10-01,24.1417
2018-10-03,24.1009
2018-10-04,24.06
2018-10-05,24.1504
2018-10-08,24.164
2018-10-09,24.1157
2018-10-10,24.1322
2018-10-11,24.1449
2018-10-12,24.1556
2018-10-15,24.1913
2018-10-16,24.2118
2018-10-17,24.208
2018-10-19,24.2124
2018-10-22,24.2244
2018-10-23,24.2395
2018-10-24,24.2518
2018-10-25,24.2606
2018-10-26,24.2553
2018-10-29,24.308
2018-10-30,24.3023
2018-10-31,24.2922
2018-11-01,24.3182
2018-11-02,24.367
2018-11-05,24.3669
2018-11-06,24.3856
2018-11-09,24.4243
2018-11-12,24.4176
2018-11-13,24.4433
2018-11-14,24.491
2018-11-15,24.4805
2018-11-16,24.4579
2018-11-19,24.4796
2018-11-20,24.4935
2018-11-22,24.5344
2018-11-26,24.562
2018-11-27,24.5411
2018-11-28,24.5914
2018-11-29,24.6392
2018-11-30,24.6462
2018-12-03,24.6587
2018-12-04,24.7064
2018-12-05,24.8247
2018-12-06,24.8918
2018-12-07,24.8503
2018-12-10,24.7369
2018-12-11,24.7632
2018-12-12,24.8799
2018-12-13,24.9036
2018-12-14,24.8852
2018-12-17,24.8807
2018-12-18,24.98
2018-12-19,25.1186
2018-12-20,25.0814
2018-12-21,25.0935
2018-12-24,25.0867
2018-12-26,25.1346
2018-12-27,25.1247
2018-12-28,25.0308
2018-12-31,25.0626
2019-01-01,24.9777
2019-01-02,25.0298
2019-01-03,24.9768
2019-01-04,24.9651
2019-01-07,24.9202
2019-01-08,24.9712
2019-01-09,24.9762
2019-01-10,24.9809
2019-01-11,24.9913
2019-01-14,25.0733
2019-01-15,25.0459
2019-01-16,24.9682
2019-01-17,24.9747
2019-01-18,24.944
2019-01-21,24.9514
2019-01-22,24.9954
2019-01-23,24.9848
2019-01-24,24.9831
2019-01-25,24.9938
2019-01-28,25.0108
2019-01-29,25.0185
2019-01-30,25.0024
2019-01-31,25.0558
2019-02-01,24.9698
2019-02-04,24.9466
2019-02-05,24.9555
2019-02-06,24.9807
2019-02-07,25.0441
2019-02-08,25.0707
2019-02-11,25.0665
2019-02-12,25.0466
2019-02-13,25.1381
2019-02-14,25.1002
2019-02-15,25.0667
2019-02-18,25.0657
2019-02-20,25.0843
2019-02-21,25.0757
2019-02-22,25.0665
2019-02-25,25.0762
2019-02-26,25.0593
2019-02-27,25.0179
2019-02-28,25.0409
2019-03-01,25.0835
2019-03-05,25.1055
2019-03-06,25.1216
2019-03-07,25.1482
2019-03-08,25.2004
2019-03-11,25.2346
2019-03-12,25.2508
2019-03-13,25.2605
2019-03-14,25.2964
2019-03-15,25.3262
2019-03-18,25.3708
2019-03-19,25.3447
2019-03-20,25.3935
2019-03-22,25.4531
2019-03-25,25.5639
2019-03-26,25.562
2019-03-27,25.5493
2019-03-28,25.615
2019-03-29,25.6168
2019-04-02,25.6967
2019-04-03,25.6892
2019-04-04,25.5887
2019-04-05,25.5841
2019-04-08,25.5046
2019-04-09,25.5169
2019-04-10,25.533
2019-04-11,25.5175
2019-04-12,25.4887
2019-04-15,25.4932
2019-04-16,25.5119
2019-04-18,25.507
2019-04-22,25.4119
2019-04-23,25.4219
2019-04-24,25.5004
2019-04-25,25.4821
2019-04-26,25.5311
2019-04-30,25.5582
2019-05-02,25.5706
2019-05-03,25.5735
2019-05-06,25.5921
2019-05-07,25.5939
2019-05-08,25.6087
2019-05-09,25.6013
2019-05-10,25.5959
2019-05-13,25.6431
2019-05-14,25.6809
2019-05-15,25.6746
2019-05-16,25.6836
2019-05-17,25.7
2019-05-20,25.8019
2019-05-21,25.7923
2019-05-22,25.8255
2019-05-23,25.8838
2019-05-24,25.9454
2019-05-27,26.0763
2019-05-28,26.1125
2019-05-29,26.1356
2019-05-30,26.1216
2019-05-31,26.2506
2019-06-03,26.3116
2019-06-04,26.2709
2019-06-06,26.4008
2019-06-07,26.3489
2019-06-10,26.2474
2019-06-11,26.2831
2019-06-12,26.3223
2019-06-13,26.3292
2019-06-14,26.4305
2019-06-17,26.4236
2019-06-18,26.5599
2019-06-19,26.5469
2019-06-20,26.6131
2019-06-21,26.5312
2019-06-24,26.5341
2019-06-25,26.4924
2019-06-26,26.4438
2019-06-27,26.469
2019-06-28,26.4933
2019-07-01,26.4973
2019-07-02,26.5294
2019-07-03,26.5552
2019-07-04,26.645
2019-07-05,26.7201
2019-07-08,26.89
2019-07-09,26.8736
2019-07-10,26.9151
2019-07-11,26.9649
2019-07-12,26.9764
2019-07-15,27.0406
2019-07-16,27.1111
2019-07-17,27.0709
2019-07-18,27.0616
2019-07-19,27.0904
2019-07-22,27.0167
2019-07-23,26.9575
2019-07-24,26.9852
2019-07-25,26.902
2019-07-26,26.9074
2019-07-29,27.0318
2019-07-30,27.0583
2019-07-31,27.09
2019-08-01,27.0512
2019-08-02,27.1309
2019-08-05,27.0929
2019-08-06,27.1576
2019-08-07,27.1897
2019-08-08,27.177
2019-08-09,27.0924
2019-08-13,27.0657
2019-08-14,26.9917
2019-08-16,27.0647
2019-08-19,27.0512
2019-08-20,27.0878
2019-08-21,27.1057
2019-08-22,27.1281
2019-08-23,27.1338
2019-08-26,27.2163
2019-08-27,27.1706
2019-08-28,27.1529
2019-08-29,27.1596
2019-08-30,27.1606
2019-09-03,27.2425
2019-09-04,27.2335
2019-09-05,27.2172
2019-09-06,27.199
2019-09-09,27.2525
2019-09-11,27.1406
2019-09-12,27.1376
2019-09-13,27.1499
2019-09-16,27.0683
2019-09-17,27.0636
2019-09-18,27.1397
2019-09-19,27.1312
2019-09-20,26.9386
2019-09-23,27.0036
2019-09-24,26.9635
2019-09-25,26.9684
2019-09-26,27.0082
2019-09-27,27.004
2019-09-30,27.0668
2019-10-01,27.1527
2019-10-03,27.2411
2019-10-04,27.1738
2019-10-07,27.2088
2019-10-09,27.2337
2019-10-10,27.2086
2019-10-11,27.1592
2019-10-14,27.2222
2019-10-15,27.2179
2019-10-16,27.252
2019-10-17,27.188
2019-10-18,27.2054
2019-10-22,27.2169
2019-10-23,27.2514
2019-10-24,27.254
2019-10-25,27.2637
2019-10-29,27.2728
2019-10-30,27.2949
2019-10-31,27.3297
2019-11-01,27.3334
2019-11-04,27.3155
2019-11-05,27.2754
2019-11-06,27.3179
2019-11-07,27.2916
2019-11-08,27.2515
2019-11-11,27.2391
2019-11-13,27.2874
2019-11-14,27.3067
2019-11-15,27.3222
2019-11-18,27.3538
2019-11-19,27.3738
2019-11-20,27.4067
2019-11-21,27.3627
2019-11-22,27.3736
2019-11-25,27.4122
2019-11-26,27.4074
2019-11-27,27.4096
2019-11-28,27.4356
2019-11-29,27.4297
2019-12-02,27.4161
2019-12-03,27.4371
2019-12-04,27.4653
2019-12-05,27.2475
2019-12-06,27.1978
2019-12-09,27.2188
2019-12-10,27.1824
2019-12-11,27.1339
2019-12-12,27.1329
2019-12-13,27.1127
2019-12-16,27.1195
2019-12-17,27.1675
2019-12-18,27.21
2019-12-19,27.2008
2019-12-20,27.3255
2019-12-23,27.3648
2019-12-24,27.3629
2019-12-26,27.3728
2019-12-27,27.3954
2019-12-30,27.3772
2019-12-31,27.371
2020-01-01,27.4526
2020-01-02,27.4658
2020-01-03,27.4637
2020-01-06,27.3586
2020-01-07,27.3817
2020-01-08,27.3832
2020-01-09,27.4395
2020-01-10,27.345
2020-01-13,27.3341
2020-01-14,27.2374
2020-01-15,27.2712
2020-01-16,27.2961
2020-01-17,27.3313
2020-01-20,27.3298
2020-01-21,27.3487
2020-01-22,27.3457
2020-01-23,27.3976
2020-01-24,27.4295
2020-01-27,27.4702
2020-01-28,27.4385
2020-01-29,27.4442
2020-01-30,27.4532
2020-01-31,27.4216
2020-02-03,27.616
2020-02-04,27.6301
2020-02-05,27.6355
2020-02-06,27.7775
2020-02-07,27.8343
2020-02-10,27.8631
2020-02-11,27.8502
2020-02-12,27.8535
2020-02-13,27.9379
2020-02-14,27.9906
2020-02-17,27.9723
2020-02-18,27.9702
2020-02-20,27.9434
2020-02-24,28.0136
2020-02-25,28.0077
2020-02-26,28.049
2020-02-27,28.0154
2020-02-28,28.0091
2020-03-02,28.069
2020-03-03,28.0697
2020-03-04,28.222
2020-03-05,28.222
2020-03-06,28.2915
2020-03-09,28.3958
2020-03-11,28.2905
2020-03-12,28.1236
2020-03-13,27.8998
2020-03-16,28.0154
2020-03-17,27.9124
2020-03-18,27.9016
2020-03-19,27.622
2020-03-20,27.8582
2020-03-23,27.6208
2020-03-24,27.6977
2020-03-26,27.8175
2020-03-27,28.163
2020-03-30,28.0695
2020-03-31,28.1546
2020-04-03,28.0435
2020-04-07,27.8891
2020-04-08,27.8487
2020-04-09,27.8849
2020-04-13,27.9691
2020-04-15,28.1703
2020-04-16,28.2787
2020-04-17,28.4739
2020-04-20,28.7226
2020-04-21,28.7953
2020-04-22,28.8345
2020-04-23,28.9792
2020-04-24,28.8349
2020-04-27,28.8577
2020-04-28,28.8614
2020-04-29,28.8428
2020-04-30,28.9043
2020-05-04,28.9996
2020-05-05,29.0891
2020-05-06,29.1852
2020-05-08,29.2756
2020-05-11,29.0833
2020-05-12,29.1007
2020-05-13,29.1096
2020-05-14,29.1332
2020-05-15,29.1156
2020-05-18,29.1372
2020-05-19,29.1704
2020-05-20,29.1658
2020-05-21,29.1873
2020-05-22,29.285
2020-05-26,29.3104
2020-05-27,29.3089
2020-05-28,29.3079
2020-05-29,29.3067
2020-06-01,29.2436
2020-06-02,29.2711
2020-06-03,29.2773
2020-06-04,29.314
2020-06-05,29.2965
2020-06-08,29.2915
2020-06-09,29.3082
2020-06-10,29.3477
2020-06-11,29.3827
2020-06-12,29.3366
2020-06-15,29.3716
2020-06-16,29.3552
2020-06-17,29.3505
2020-06-18,29.4019
2020-06-19,29.4211
2020-06-22,29.4524
2020-06-23,29.4755
2020-06-24,29.5135
2020-06-25,29.5026
2020-06-26,29.5125
2020-06-29,29.524
2020-06-30,29.5697
2020-07-01,29.6025
2020-07-02,29.6057
2020-07-03,29.5886
2020-07-06,29.6782
2020-07-07,29.6844
2020-07-08,29.7272
2020-07-09,29.7951
2020-07-10,29.774
2020-07-13,29.8672
2020-07-14,29.8912
2020-07-15,29.8948
2020-07-16,29.9186
2020-07-17,29.8483
2020-07-20,29.8937
2020-07-21,29.9328
2020-07-22,29.9306
2020-07-23,30.0151
2020-07-24,30.0018
2020-07-27,30.0288
2020-07-28,29.9919
2020-07-29,29.9814
2020-07-30,29.9874
2020-07-31,29.9906
2020-08-03,30.0224
2020-08-04,30.017
2020-08-05,30.0343
2020-08-06,30.0267
2020-08-07,29.9592
2020-08-10,29.977
2020-08-11,29.9436
2020-08-12,29.9571
2020-08-13,29.936
2020-08-14,29.8874
2020-08-17,29.9121
2020-08-18,29.8949
2020-08-19,29.8553
2020-08-20,29.8351
2020-08-21,29.6491
2020-08-24,29.5392
2020-08-25,29.6634
2020-08-26,29.6364
2020-08-27,29.6579
2020-08-28,29.6119
2020-08-31,29.6195
2020-09-01,30.0656
2020-09-02,30.0458
2020-09-03,30.0889
2020-09-04,30.0899
2020-09-07,30.0844
2020-09-08,29.7827
2020-09-09,29.7883
2020-09-10,29.793
2020-09-11,29.7863
2020-09-14,29.7837
2020-09-15,29.7119
2020-09-16,29.8027
2020-09-17,29.8063
2020-09-18,29.8233
2020-09-21,29.8004
2020-09-22,29.6843
2020-09-23,29.6864
2020-09-24,29.6665
2020-09-25,29.6514
2020-09-28,29.6975
2020-09-29,29.4566
2020-09-30,29.4822
2020-10-01,29.5804
2020-10-05,29.5768
2020-10-06,29.4561
2020-10-07,29.4841
2020-10-08,29.5205
2020-10-09,29.8303
2020-10-12,29.9035
2020-10-13,29.942
2020-10-14,29.9834
2020-10-15,29.9788
2020-10-16,30.05
2020-10-19,30.0732
2020-10-20,30.0956
2020-10-21,30.1776
2020-10-22,30.2015
2020-10-23,30.2673
2020-10-26,30.3989
2020-10-27,30.4628
2020-10-28,30.4316
2020-10-29,30.4194
2020-11-02,30.4628
2020-11-03,30.405
2020-11-04,30.4132
2020-11-05,30.4266
2020-11-06,30.4346
2020-11-09,30.4546
2020-11-10,30.3204
2020-11-11,30.2855
2020-11-12,30.2904
2020-11-13,30.3383
2020-11-17,30.3959
2020-11-18,30.416
2020-11-19,30.4232
2020-11-20,30.4147
2020-11-23,30.404
2020-11-24,30.3702
2020-11-25,30.3813
2020-11-26,30.391
2020-11-27,30.4662
2020-12-01,30.4374
2020-12-02,30.3983
2020-12-03,30.3705
2020-12-04,30.4448
2020-12-07,30.4502
2020-12-08,30.4409
2020-12-09,30.4081
2020-12-10,30.4222
2020-12-11,30.4583
2020-12-14,30.4904
2020-12-15,30.5285
2020-12-16,30.5328
2020-12-17,30.5578
2020-12-18,30.4637
2020-12-21,30.4876
2020-12-22,30.5098
2020-12-23,30.5629
2020-12-24,30.5601
2020-12-28,30.6095
2020-12-29,30.6041
2020-12-30,30.6211
2020-12-31,30.6315
2021-01-01,30.586
2021-01-04,30.6309
2021-01-05,30.6684
2021-01-06,30.6577
2021-01-07,30.6194
2021-01-08,30.6534
2021-01-11,30.5853
2021-01-12,30.5519
2021-01-13,30.6411
2021-01-14,30.6216
2021-01-15,30.633
2021-01-18,30.557
2021-01-19,30.5598
2021-01-20,30.553
2021-01-21,30.5835
2021-01-22,30.6054
2021-01-25,30.6281
2021-01-27,30.6382
2021-01-28,30.6627
2021-01-29,30.6504
2021-02-01,30.4479
2021-02-02,30.2351
2021-02-03,30.3623
2021-02-04,30.3337
2021-02-05,30.2521
2021-02-08,30.3164
2021-02-09,29.9643
2021-02-10,30.0471
2021-02-11,30.0655
2021-02-12,30.0459
2021-02-15,30.0428
2021-02-16,30.0032
2021-02-17,30.0192
2021-02-18,29.9659
2021-02-22,29.9031
2021-02-23,29.8154
2021-02-24,29.7751
2021-02-25,29.7592
2021-02-26,29.6563
2021-03-01,29.6991
2021-03-02,29.7119
2021-03-03,29.7659
2021-03-04,29.8127
2021-03-05,29.8134
2021-03-08,29.8374
2021-03-09,29.7785
2021-03-10,29.8403
2021-03-12,29.8233
2021-03-15,29.8494
2021-03-16,29.8592
2021-03-17,29.8809
2021-03-18,29.8575
2021-03-19,29.9603
2021-03-22,30.1043
2021-03-23,30.2542
2021-03-24,30.3707
2021-03-25,30.3568
2021-03-26,30.3581
2021-03-30,30.4148
2021-03-31,30.3527
2021-04-05,30.3827
2021-04-06,30.446
2021-04-07,30.5284
2021-04-08,30.5898
2021-04-09,30.6843
2021-04-12,30.6261
2021-04-15,30.5996
2021-04-16,30.5472
2021-04-19,30.5443
2021-04-20,30.5254
2021-04-22,30.5683
2021-04-23,30.5704
2021-04-26,30.6409
2021-04-27,30.6616
2021-04-28,30.6527
2021-04-29,30.6527
2021-04-30,30.6523
2021-05-03,30.6669
2021-05-04,30.6384
2021-05-05,30.6776
2021-05-06,30.6855
2021-05-07,30.6593
2021-05-10,30.7021
2021-05-11,30.7206
2021-05-12,30.703
2021-05-14,30.7216
2021-05-17,30.7352
2021-05-18,30.7499
2021-05-19,30.7621
2021-05-20,30.7956
2021-05-21,30.7847
2021-05-24,30.8111
2021-05-25,30.8165
2021-05-27,30.8245
2021-05-28,30.8165
2021-05-31,30.7983
2021-06-01,30.7755
2021-06-02,30.7998
2021-06-03,30.8485
2021-06-04,30.8158
2021-06-07,30.8429
2021-06-08,30.8983
2021-06-09,30.9085
2021-06-10,30.9422
2021-06-11,30.998
2021-06-14,31.0042
2021-06-15,30.9811
2021-06-16,30.9541
2021-06-17,30.9629
2021-06-18,30.9528
2021-06-21,30.9858
2021-06-22,31.0124
2021-06-23,30.962
2021-06-24,30.9731
2021-06-25,30.9514
2021-06-28,30.962
2021-06-29,30.8007
2021-06-30,30.8527
2021-07-01,30.8495
2021-07-02,30.8138
2021-07-05,30.8871
2021-07-06,30.7499
2021-07-07,30.7486
2021-07-08,30.6801
2021-07-09,30.7884
2021-07-12,30.7545
2021-07-13,30.7146
2021-07-14,30.7103
2021-07-15,30.7344
2021-07-16,30.713
2021-07-19,30.7208
2021-07-20,30.7695
2021-07-22,30.7568
2021-07-23,30.7217
2021-07-26,30.7452
2021-07-27,30.7503
2021-07-28,30.7598
2021-07-29,30.7453
2021-07-30,30.712
2021-08-02,30.766
2021-08-03,30.7919
2021-08-04,30.7885
2021-08-05,30.7952
2021-08-06,30.7341
2021-08-09,30.7549
2021-08-10,30.7749
2021-08-11,30.7975
2021-08-12,30.8232
2021-08-13,30.8216
2021-08-17,30.875
2021-08-18,30.877
2021-08-20,30.9266
2021-08-23,30.9499
2021-08-24,30.9174
2021-08-25,30.927
2021-08-26,30.9538
2021-08-27,31.0155
2021-08-30,31.0664
2021-08-31,31.0757
2021-09-01,31.1277
2021-09-02,31.1567
2021-09-03,31.2252
2021-09-06,31.2803
2021-09-07,31.2595
2021-09-08,31.2909
2021-09-09,31.3349
2021-09-13,31.286
2021-09-14,31.3317
2021-09-15,31.3554
2021-09-16,31.3956
2021-09-17,31.4079
2021-09-20,31.447
2021-09-21,31.482
2021-09-22,31.4899
2021-09-23,31.4995
2021-09-24,31.4848
2021-09-27,31.4128
2021-09-28,31.3962
2021-09-29,31.4095
2021-09-30,31.3681
2021-10-01,31.3732
2021-10-04,31.461
2021-10-05,31.3067
2021-10-06,31.3997
2021-10-07,31.3497
2021-10-08,31.3671
2021-10-11,31.3132
2021-10-12,31.3062
2021-10-13,31.3318
2021-10-14,31.299
2021-10-18,31.2809
2021-10-20,31.3443
2021-10-21,31.395
2021-10-22,31.3857
2021-10-25,31.3778
2021-10-26,31.3413
2021-10-27,31.3484
2021-10-28,31.3217
2021-10-29,31.3126
2021-11-01,31.3115
2021-11-02,31.3096
2021-11-03,31.3154
2021-11-08,31.3776
2021-11-09,31.4498
2021-11-10,31.4646
2021-11-11,31.4205
2021-11-12,31.4439
2021-11-15,31.4787
2021-11-16,31.4769
2021-11-17,31.4907
2021-11-18,31.4992
2021-11-22,31.5548
2021-11-23,31.5735
2021-11-24,31.5945
2021-11-25,31.6228
2021-11-26,31.6512
2021-11-29,31.6823
2021-11-30,31.7275
2021-12-01,31.737
2021-12-02,31.7545
2021-12-03,31.747
2021-12-06,31.7656
2021-12-07,31.7636
2021-12-08,31.7982
2021-12-09,31.7962
2021-12-10,31.787
2021-12-13,31.8102
2021-12-14,31.8003
2021-12-15,31.8416
2021-12-16,31.8396
2021-12-17,31.8471
2021-12-20,31.8061
2021-12-21,31.6511
2021-12-22,31.6472
2021-12-23,31.6178
2021-12-24,31.6517
2021-12-27,31.5974
2021-12-28,31.5573
2021-12-29,31.5745
2021-12-30,31.5725
2021-12-31,31.6003
2022-01-03,31.6011
2022-01-04,31.5347
2022-01-05,31.5749
2022-01-06,31.5142
2022-01-07,31.5112
2022-01-10,31.3951
2022-01-11,31.3753
2022-01-12,31.4178
2022-01-13,31.4267
2022-01-14,31.4735
2022-01-17,31.3574
2022-01-18,31.3067
2022-01-19,31.3426
2022-01-20,31.3895
2022-01-21,31.408
2022-01-24,31.3589
2022-01-25,31.3635
2022-01-27,31.3577
2022-01-28,31.3775
2022-01-31,31.4846
2022-02-01,31.3009
2022-02-02,31.1739
2022-02-03,31.1781
2022-02-04,31.1888
2022-02-08,31.3895
2022-02-09,31.4032
2022-02-10,31.498
2022-02-11,31.5511
2022-02-14,31.6042
2022-02-15,31.6377
2022-02-16,31.614
2022-02-17,31.6405
2022-02-18,31.6766
2022-02-21,31.7146
2022-02-22,31.6972
2022-02-23,31.7182
2022-02-24,31.7088
2022-02-25,31.7035
2022-02-28,31.6752
2022-03-02,31.6902
2022-03-03,31.6653
2022-03-04,31.5916
2022-03-07,31.5766
2022-03-08,31.5714
2022-03-09,31.5443
2022-03-10,31.6081
2022-03-11,31.5629
2022-03-14,31.5614
2022-03-15,31.5764
2022-03-16,31.6284
2022-03-17,31.65
2022-03-21,31.6774
2022-03-22,31.6248
2022-03-23,31.6113
2022-03-24,31.6781
2022-03-25,31.6922
2022-03-28,31.772
2022-03-29,31.6155
2022-03-30,31.7329
2022-03-31,31.7378
2022-04-04,31.6702
2022-04-05,31.6971
2022-04-06,31.6948
2022-04-07,31.6971
2022-04-08,31.481
2022-04-11,31.4024
2022-04-12,31.4005
2022-04-13,31.3318
2022-04-18,31.421
2022-04-19,31.5473
2022-04-20,31.4706
2022-04-21,31.4585
2022-04-22,31.4405
2022-04-25,31.5825
2022-04-26,31.5649
2022-04-27,31.6328
2022-04-28,31.5948
2022-04-29,31.6399
2022-05-02,31.6374
2022-05-04,30.8752
2022-05-05,30.7913
2022-05-06,30.7896
2022-05-09,30.786
2022-05-10,30.9571
2022-05-11,31.0406
2022-05-12,31.0099
2022-05-13,31.0049
2022-05-17,31.0379
2022-05-18,31.052
2022-05-19,31.0847
2022-05-20,31.0948
2022-05-23,31.0957
2022-05-24,31.1145
2022-05-25,31.1489
2022-05-26,31.1322
2022-05-27,31.1136
2022-05-30,31.0566
2022-05-31,30.8879
2022-06-01,30.9444
2022-06-02,30.9457
2022-06-03,30.9179
2022-06-06,30.8718
2022-06-07,30.7474
2022-06-08,30.7906
2022-06-09,30.7817
2022-06-10,30.7657
2022-06-13,30.7403
2022-06-14,30.7312
2022-06-15,30.7936
2022-06-16,30.8001
2022-06-17,30.8712
2022-06-20,30.9674
2022-06-21,31.0096
2022-06-22,31.0378
2022-06-23,31.0516
2022-06-24,31.0638
2022-06-27,31.0857
2022-06-28,31.0103
2022-06-29,31.021
2022-06-30,31.0698
2022-07-01,31.1036
2022-07-04,31.1424
2022-07-05,31.1637
2022-07-06,31.2387
2022-07-07,31.3825
2022-07-08,31.2732
2022-07-11,31.2728
2022-07-12,31.2884
2022-07-13,31.3431
2022-07-14,31.3722
2022-07-15,31.3406
2022-07-18,31.3319
2022-07-19,31.2712
2022-07-20,31.2673
2022-07-21,31.2921
2022-07-22,31.2833
2022-07-25,31.3646
2022-07-26,31.3734
2022-07-27,31.4597
2022-07-28,31.3938
2022-07-29,31.4608
2022-08-01,31.521
2022-08-02,31.6287
2022-08-03,31.6008
2022-08-04,31.6494
2022-08-05,31.5622
2022-08-08,31.5162
2022-08-10,31.5996
2022-08-11,31.6799
2022-08-12,31.6921
2022-08-17,31.8711
2022-08-18,31.8199
2022-08-19,31.868
2022-08-22,31.8424
2022-08-23,31.8412
2022-08-24,31.8585
2022-08-25,31.781
2022-08-26,31.8826
2022-08-29,31.9548
2022-08-30,31.99
2022-09-01,32.0246
2022-09-02,31.9848
2022-09-05,32.0245
2022-09-06,32.035
2022-09-07,32.041
2022-09-08,32.1341
2022-09-09,32.0951
2022-09-12,32.0959
2022-09-13,32.125
2022-09-14,32.1513
2022-09-15,32.0699
2022-09-16,32.1252
2022-09-19,32.0758
2022-09-20,31.9907
2022-09-21,31.9941
2022-09-22,31.9693
2022-09-23,31.8859
2022-09-26,31.7113
2022-09-27,31.7982
2022-09-28,31.788
2022-09-29,31.8542
2022-09-30,31.8626
2022-10-03,31.6144
2022-10-04,31.6851
2022-10-06,31.6592
2022-10-07,31.6475
2022-10-10,31.6795
2022-10-11,31.6908
2022-10-12,31.6995
2022-10-13,31.7142
2022-10-14,31.7173
2022-10-17,31.7794
2022-10-18,31.813
2022-10-19,31.7842
2022-10-20,31.8273
2022-10-21,31.7896
2022-10-25,31.7335
2022-10-27,31.7991
2022-10-28,31.8201
2022-10-31,31.8022
2022-11-01,31.8187
2022-11-02,31.8608
2022-11-03,31.7905
2022-11-04,31.8431
2022-11-07,31.8443
2022-11-09,31.9216
2022-11-10,31.9685
2022-11-11,32.0881
2022-11-14,32.1085
2022-11-15,32.1121
2022-11-16,32.0839
2022-11-17,32.1042
2022-11-18,32.067
2022-11-21,32.0738
2022-11-22,32.0858
2022-11-23,32.0856
2022-11-24,32.1531
2022-11-25,32.1419
2022-11-28,32.2058
2022-11-29,32.2303
2022-11-30,32.2558
2022-12-01,32.2727
2022-12-02,32.3361
2022-12-05,32.4106
2022-12-06,32.3647
2022-12-07,32.3849
2022-12-08,32.3857
2022-12-09,32.3581
2022-12-12,32.3865
2022-12-13,32.4233
2022-12-14,32.4513
2022-12-15,32.4379
2022-12-16,32.4693
2022-12-19,32.4625
2022-12-20,32.4261
2022-12-21,32.4581
2022-12-22,32.4213
2022-12-23,32.4621
2022-12-26,32.4394
2022-12-27,32.4959
2022-12-28,32.4609
2022-12-29,32.4603
2022-12-30,32.4957
2023-01-02,32.5122
2023-01-03,32.5195
2023-01-04,32.4986
2023-01-05,32.499
2023-01-06,32.4586
2023-01-09,32.4608
2023-01-10,32.5141
2023-01-11,32.5547
2023-01-12,32.5716
2023-01-13,32.5943
2023-01-16,32.6038
2023-01-17,32.6101
2023-01-18,32.6338
2023-01-19,32.6361
2023-01-20,32.6146
2023-01-23,32.6427
2023-01-24,32.576
2023-01-25,32.6359
2023-01-27,32.5868
2023-01-30,32.5729
2023-01-31,32.6247
2023-02-01,32.6273
2023-02-02,32.779
2023-02-03,32.7198
2023-02-06,32.7037
2023-02-07,32.692
2023-02-08,32.6965
2023-02-09,32.7109
2023-02-10,32.699
2023-02-13,32.6717
2023-02-14,32.6075
2023-02-15,32.6567
2023-02-16,32.6729
2023-02-17,32.6321
2023-02-20,32.6647
2023-02-21,32.6504
2023-02-22,32.6443
2023-02-23,32.6605
2023-02-24,32.6623
2023-02-27,32.6943
2023-02-28,32.6935
2023-03-01,32.7075
2023-03-02,32.6713
2023-03-03,32.6895
2023-03-06,32.729
2023-03-08,32.7148
2023-03-09,32.7133
2023-03-10,32.6504
2023-03-13,32.7638
2023-03-14,32.7623
2023-03-15,32.7526
2023-03-16,32.7078
2023-03-17,32.735
2023-03-20,32.8
2023-03-21,32.8067
2023-03-23,32.869
2023-03-24,32.8535
2023-03-27,32.8806
2023-03-28,32.8566
2023-03-29,32.867
2023-03-31,32.9779
2023-04-03,33.0191
2023-04-05,33.0443
2023-04-06,33.0856
2023-04-10,33.1786
2023-04-11,33.2144
2023-04-12,33.218
2023-04-13,33.2157
2023-04-17,33.248
2023-04-18,33.2815
2023-04-19,33.2991
2023-04-20,33.3037
2023-04-21,33.3149
2023-04-24,33.3853
2023-04-25,33.4684
2023-04-26,33.4742
2023-04-27,33.4895
2023-04-28,33.4759
2023-05-02,33.5018
2023-05-03,33.6007
2023-05-04,33.6434
2023-05-08,33.6047
2023-05-09,33.6443
2023-05-10,33.609
2023-05-11,33.6416
2023-05-12,33.6905
2023-05-15,33.7337
2023-05-16,33.7601
2023-05-17,33.7862
2023-05-18,33.7749
2023-05-19,33.8067
2023-05-22,33.8183
2023-05-23,33.8606
2023-05-24,33.8456
2023-05-25,33.8373
2023-05-26,33.8507
2023-05-29,33.8413
2023-05-30,33.8255
2023-05-31,33.8109
2023-06-01,33.8979
2023-06-02,33.8886
2023-06-05,33.8968
2023-06-06,33.908
2023-06-07,33.9375
2023-06-08,33.9358
2023-06-09,33.9256
2023-06-12,33.9448
2023-06-13,33.8888
2023-06-14,33.9387
2023-06-15,33.9183
2023-06-16,33.9218
2023-06-19,33.9575
2023-06-20,33.9222
2023-06-21,33.9084
2023-06-22,33.8986
2023-06-23,33.9128
2023-06-26,33.9105
2023-06-27,33.9016
2023-06-28,33.9235
2023-06-30,33.9295
2023-07-03,33.9066
2023-07-04,33.922
2023-07-05,33.9096
2023-07-06,33.9075
2023-07-07,33.8495
2023-07-10,33.8767
2023-07-11,33.9285
2023-07-12,33.9332
2023-07-13,33.9821
2023-07-14,33.9904
2023-07-17,34.0352
2023-07-18,34.0567
2023-07-19,34.0549
2023-07-20,34.0587
2023-07-21,34.0304
2023-07-24,34.0544
2023-07-25,34.0908
2023-07-26,34.0684
2023-07-27,34.0565
2023-07-28,34.0025
2023-07-31,34.0019
2023-08-01,34.0144
2023-08-02,34.0284
2023-08-03,33.996
2023-08-04,33.9825
2023-08-07,34.0167
2023-08-08,34.0428
2023-08-09,34.0614
2023-08-10,34.0803
2023-08-11,34.0358
2023-08-14,34.0478
2023-08-17,33.9866
2023-08-18,34.0262
2023-08-21,34.0655
2023-08-22,34.0828
2023-08-23,34.1035
2023-08-24,34.1572
2023-08-25,34.1815
2023-08-28,34.2049
2023-08-29,34.214
2023-08-30,34.2388
2023-08-31,34.205
2023-09-01,34.2098
2023-09-04,34.2114
2023-09-05,34.231
2023-09-06,34.2223
2023-09-07,34.2516
2023-09-08,34.2296
2023-09-11,34.2377
2023-09-12,34.2222
2023-09-13,34.2935
2023-09-14,34.3191
2023-09-15,34.3236
2023-09-18,34.3613
2023-09-20,34.3597
2023-09-21,34.3426
2023-09-22,34.3586
2023-09-25,34.3796
2023-09-26,34.3627
2023-09-27,34.3489
2023-09-29,34.3267
2023-10-03,34.3357
2023-10-04,34.3156
2023-10-05,34.3182
2023-10-06,34.1473
2023-10-09,34.1993
2023-10-10,34.1719
2023-10-11,34.2215
2023-10-12,34.2444
2023-10-13,34.2439
2023-10-16,34.2294
2023-10-17,34.1739
2023-10-18,34.1546
2023-10-19,34.1519
2023-10-20,34.1395
2023-10-23,34.138
2023-10-25,34.1102
2023-10-26,34.1494
2023-10-27,34.1423
2023-10-30,34.147
2023-10-31,34.1649
2023-11-01,34.1776
2023-11-02,34.2261
2023-11-03,34.222
2023-11-06,34.2675
2023-11-07,34.3067
2023-11-08,34.2756
2023-11-09,34.2987
2023-11-10,34.3149
2023-11-13,34.3506
2023-11-15,34.4128
2023-11-16,34.4224
2023-11-17,34.3994
2023-11-20,34.4168
2023-11-21,34.4475
2023-11-22,34.4717
2023-11-23,34.4562
2023-11-24,34.4424
2023-11-28,34.4086
2023-11-29,34.4494
2023-11-30,34.4276
2023-12-01,34.4329
2023-12-04,34.455
2023-12-05,34.4525
2023-12-06,34.4744
2023-12-07,34.4666
2023-12-08,34.4744
2023-12-11,34.5245
2023-12-12,34.5309
2023-12-13,34.5519
2023-12-14,34.6009
2023-12-15,34.6998
2023-12-18,34.7328
2023-12-19,34.7573
2023-12-20,34.8016
2023-12-21,34.8057
2023-12-22,34.8073
2023-12-26,34.8035
2023-12-27,34.8056
2023-12-28,34.797
2023-12-29,34.8122
2024-01-01,34.7905
2024-01-02,34.772
2024-01-03,34.7044
2024-01-04,34.7085
2024-01-05,34.7233
2024-01-08,34.723
2024-01-09,34.7512
2024-01-10,34.7788
2024-01-11,34.8005
2024-01-12,34.8071
2024-01-15,34.9043
2024-01-16,34.9114
2024-01-17,34.9122
2024-01-18,34.9087
2024-01-19,34.9067
2024-01-23,34.9263
2024-01-24,34.9455
2024-01-25,34.9465
2024-01-29,34.982
2024-01-30,34.9873
2024-01-31,35.0441
2024-02-01,35.1843
2024-02-02,35.2049
2024-02-05,35.225
2024-02-06,35.2532
2024-02-07,35.2421
2024-02-08,35.3263
2024-02-09,35.3044
2024-02-12,35.3345
2024-02-13,35.3316
2024-02-14,35.3259
2024-02-15,35.3155
2024-02-16,35.3519
2024-02-20,35.3904
2024-02-21,35.4133
2024-02-22,35.4134
2024-02-23,35.4151
2024-02-26,35.4452
2024-02-27,35.4732
2024-02-28,35.4756
2024-02-29,35.4927
2024-03-01,35.4536
2024-03-04,35.5291
2024-03-05,35.5292
2024-03-06,35.5701
2024-03-07,35.5551
2024-03-11,35.6289
2024-03-12,35.6525
2024-03-13,35.642
2024-03-14,35.6845
2024-03-15,35.6323
2024-03-18,35.625
2024-03-19,35.599
2024-03-20,35.6115
2024-03-21,35.6189
2024-03-22,35.5646
2024-03-26,35.6564
2024-03-27,35.703
2024-03-28,35.7253
2024-03-31,35.7387
2024-04-02,35.7
2024-04-03,35.682
2024-04-04,35.6856
2024-04-05,35.728
2024-04-08,35.7136
2024-04-10,35.7579
2024-04-12,35.6867
2024-04-15,35.7077
2024-04-16,35.6786
2024-04-18,35.7294
2024-04-19,35.6126
2024-04-22,35.6369
2024-04-23,35.6845
2024-04-24,35.6858
2024-04-25,35.6901
2024-04-26,35.6944
2024-04-29,35.7242
2024-04-30,35.7141
2024-05-02,35.7683
2024-05-03,35.7916
2024-05-06,35.8676
2024-05-07,35.8721
2024-05-08,35.8462
2024-05-09,35.8309
2024-05-10,35.8999
2024-05-13,35.9383
2024-05-14,35.956
2024-05-15,35.9861
2024-05-16,36.0428
2024-05-17,36.0067
2024-05-21,36.0605
2024-05-22,36.106
2024-05-24,36.1228
2024-05-27,36.1409
2024-05-28,36.1427
2024-05-29,36.1281
2024-05-30,36.1178
2024-05-31,36.1362
2024-06-03,36.2182
2024-06-04,36.1109
2024-06-05,36.1465
2024-06-06,36.1542
2024-06-07,36.1743
2024-06-10,36.2032
2024-06-11,36.2532
2024-06-12,36.2498
2024-06-13,36.2483
2024-06-14,36.2581
2024-06-18,36.2902
2024-06-19,36.3371
2024-06-20,36.3616
2024-06-21,36.3477
2024-06-24,36.3735
2024-06-25,36.3937
2024-06-26,36.3622
2024-06-27,36.3663
2024-06-28,36.3857
2024-07-01,36.4125
2024-07-02,36.4306
2024-07-03,36.3906
2024-07-04,36.4106
2024-07-05,36.443
2024-07-08,36.5278
2024-07-09,36.4758
2024-07-10,36.5236
2024-07-11,36.523
2024-07-12,36.5461
2024-07-15,36.5634
2024-07-16,36.6143
2024-07-18,36.64
2024-07-19,36.6511
2024-07-22,36.6569
2024-07-23,36.666
2024-07-24,36.6825
2024-07-25,36.7122
2024-07-26,36.767
2024-07-29,36.7907
2024-07-30,36.7837
2024-07-31,36.7995
2024-08-01,36.7991
2024-08-02,36.8016
2024-08-05,36.8596
2024-08-06,36.8801
2024-08-07,36.891
2024-08-08,36.9347
2024-08-09,36.9307
2024-08-12,36.9511
2024-08-13,36.9382
2024-08-14,36.9784
2024-08-16,36.9832
2024-08-19,37.0086
2024-08-20,37.04
2024-08-21,37.0557
2024-08-22,37.0768
2024-08-23,37.1026
2024-08-26,37.121
2024-08-27,37.156
2024-08-28,37.1491
2024-08-29,37.1784
2024-08-30,37.158
2024-09-02,37.1665
2024-09-03,37.1814
2024-09-04,37.2013
2024-09-05,37.2072
2024-09-06,37.2179
2024-09-09,37.2348
2024-09-10,37.2836
2024-09-11,37.3042
2024-09-12,37.2855
2024-09-13,37.3957
2024-09-16,37.4226
2024-09-17,37.3809
2024-09-19,37.4435
2024-09-20,37.4398
2024-09-23,37.4496
2024-09-24,37.4844
2024-09-25,37.4899
2024-09-26,37.5431
2024-09-27,37.5382
2024-09-30,37.5242
2024-10-01,37.5797
2024-10-03,37.6261
2024-10-04,37.5782
2024-10-07,37.5522
2024-10-08,37.583
2024-10-09,37.6428
2024-10-10,37.6287
2024-10-11,37.6005
2024-10-14,37.6127
2024-10-15,37.6476
2024-10-16,37.6609
2024-10-17,37.634
2024-10-18,37.6031
2024-10-21,37.6655
2024-10-22,37.6639
2024-10-23,37.6753
2024-10-24,37.687
2024-10-25,37.6799
2024-10-28,37.6574
2024-10-29,37.7044
2024-10-30,37.7407
2024-10-31,37.6885
2024-11-04,37.7288
2024-11-05,37.747
2024-11-06,37.7092
2024-11-07,37.7196
2024-11-08,37.7505
2024-11-11,37.7687
2024-11-12,37.7856
2024-11-13,37.7548
2024-11-14,37.7576
2024-11-18,37.7828
2024-11-19,37.7884
2024-11-21,37.7748
2024-11-22,37.7903
2024-11-25,37.8219
2024-11-26,37.8254
2024-11-27,37.8182
2024-11-28,37.8239
2024-11-29,37.8242
2024-12-02,37.9675
2024-12-03,37.9716
2024-12-04,37.9886
2024-12-05,38.0064
2024-12-06,37.9821
2024-12-09,38.017
2024-12-10,38.0474
2024-12-11,38.0692
2024-12-12,38.0717
2024-12-13,38.0656
2024-12-16,38.0913
2024-12-17,38.0824
2024-12-18,38.1098
2024-12-19,38.0524
2024-12-20,38.0439
2024-12-23,38.0546
2024-12-24,38.0451
2024-12-26,38.0405
2024-12-27,38.0355
2024-12-30,38.0567
2024-12-31,38.0851
2025-01-01,38.0915
2025-01-02,38.1102
2025-01-03,38.1095
2025-01-06,38.1178
2025-01-07,38.1655
2025-01-08,38.1872
2025-01-09,38.1915
2025-01-10,38.1836
2025-01-13,38.1188
2025-01-14,38.1415
2025-01-15,38.1688
2025-01-16,38.2124
2025-01-17,38.2029
2025-01-20,38.2302
2025-01-21,38.2918
2025-01-22,38.2917
2025-01-23,38.3033
2025-01-24,38.3251
2025-01-27,38.3718
2025-01-28,38.3597
2025-01-29,38.3639
2025-01-30,38.3692
2025-01-31,38.3817
2025-02-03,38.4279
2025-02-04,38.4199
2025-02-05,38.4559
2025-02-06,38.4812
2025-02-07,38.4447
2025-02-10,38.4539
2025-02-11,38.4587
2025-02-12,38.4728
2025-02-13,38.5138
2025-02-14,38.5223
2025-02-17,38.5545
2025-02-18,38.567
2025-02-20,38.5836
2025-02-21,38.5585
2025-02-24,38.5413
2025-02-25,38.5833
2025-02-27,38.5842
2025-02-28,38.6037
2025-03-03,38.5929
2025-03-04,38.5585
2025-03-05,38.5897
2025-03-06,38.5976
2025-03-07,38.617
2025-03-10,38.6446
2025-03-11,38.6123
2025-03-12,38.624
2025-03-13,38.6568
2025-03-17,38.6861
2025-03-18,38.6996
2025-03-19,38.7669
2025-03-20,38.8125
2025-03-21,38.8682
2025-03-24,38.8666
2025-03-25,38.8638
2025-03-26,38.9168
2025-03-27,39.0128
2025-03-28,39.026
2025-03-31,39.0395
2025-04-02,39.2254
2025-04-03,39.3064
2025-04-04,39.2909
2025-04-07,39.3725
2025-04-08,39.3507
2025-04-09,39.365
2025-04-11,39.4781
2025-04-15,39.6088
2025-04-16,39.5998
2025-04-17,39.7095
2025-04-21,39.7347
2025-04-22,39.7491
2025-04-23,39.8279
2025-04-24,39.7722
2025-04-25,39.7773
2025-04-28,39.7279
2025-04-29,39.8182
2025-04-30,39.8076
2025-05-02,39.873
2025-05-05,39.9379
2025-05-06,39.8652
2025-05-07,39.9308
2025-05-08,39.9269
2025-05-09,39.8805
2025-05-13,39.9956
2025-05-14,40.0401
2025-05-15,40.1061
2025-05-16,40.1857
2025-05-19,40.2468
2025-05-20,40.2521
2025-05-21,40.3626
2025-05-22,40.2974
2025-05-23,40.3475
2025-05-26,40.4538
2025-05-27,40.4584
2025-05-28,40.4771
2025-05-29,40.4431
2025-05-30,40.4352
2025-06-02,40.4178
2025-06-03,40.3886
2025-06-04,40.4589
2025-06-05,40.4309
2025-06-06,40.5591
2025-06-09,40.4644
2025-06-10,40.4429
2025-06-11,40.3177
2025-06-12,40.3408
2025-06-13,40.2922
2025-06-16,40.3291
2025-06-17,40.3257
2025-06-18,40.3002
2025-06-19,40.2703
2025-06-20,40.2261
2025-06-23,40.2811
2025-06-24,40.3204
2025-06-25,40.2454
2025-06-26,40.2849
2025-06-27,40.2922
2025-06-30,40.3052
2025-07-01,40.291
2025-07-02,40.2102
2025-07-03,40.2114
2025-07-04,40.2729
2025-07-07,40.234
2025-07-08,40.3541
2025-07-09,40.3427
2025-07-10,40.3784
2025-07-11,40.3841
2025-07-14,40.4154
2025-07-15,40.3995
2025-07-16,40.4318
2025-07-17,40.4209
2025-07-18,40.4601
2025-07-21,40.4874
2025-07-22,40.5089
2025-07-23,40.4112
2025-07-24,40.4929
2025-07-25,40.5054
2025-07-28,40.4976
2025-07-29,40.5062
2025-07-30,40.4587
2025-07-31,40.4661
2025-08-01,40.4816
2025-08-04,40.4822
2025-08-05,40.4036
2025-08-06,40.3546
2025-08-07,40.4437
2025-08-08,40.4775
2025-08-11,40.4425
2025-08-12,40.4085
2025-08-13,40.3365
2025-08-14,40.4583
2025-08-18,40.3679
2025-08-19,40.3728
2025-08-20,40.2775
2025-08-21,40.2471
2025-08-22,40.2316
2025-08-25,40.2183
2025-08-26,40.1862
2025-08-28,40.229
2025-08-29,40.1589
2025-09-01,40.1167
2025-09-02,40.1369
2025-09-03,40.0678
2025-09-04,40.1209
2025-09-05,40.2028
2025-09-09,40.1863
2025-09-10,40.1309
2025-09-11,40.1417
2025-09-12,40.2215
2025-09-15,40.2706
2025-09-16,40.1541
2025-09-17,40.0991
2025-09-18,40.2249
2025-09-19,40.2405
2025-09-22,40.2613
2025-09-23,40.3207
2025-09-24,40.3129
2025-09-25,40.3355
2025-09-26,40.3774
2025-09-30,40.3925
2025-10-01,40.4627
2025-10-03,40.5046
2025-10-06,40.5567
2025-10-07,40.5974
2025-10-08,40.6569
2025-10-09,40.572
2025-10-10,40.5707
2025-10-13,40.6352
2025-10-14,40.6361
2025-10-15,40.6491
2025-10-16,40.6626
2025-10-17,40.7186
2025-10-20,40.7623
2025-10-23,40.7653
2025-10-24,40.7638
2025-10-27,40.7759
2025-10-28,40.7339
2025-10-29,40.7579
2025-10-30,40.7289
2025-10-31,40.7555
2025-11-03,40.8112
2025-11-04,40.8389
2025-11-06,40.8593
2025-11-07,40.8598
2025-11-10,40.8985
2025-11-11,40.8899
2025-11-12,40.8976
2025-11-13,40.9033
2025-11-14,40.8563
2025-11-17,40.8945
2025-11-18,40.9118
2025-11-19,40.8768
2025-11-20,40.9056
2025-11-21,40.8886
2025-11-24,40.9084
2025-11-25,40.9332
2025-11-26,40.9873
2025-11-27,40.9894
2025-11-28,40.9931
2025-12-01,40.9991
2025-12-02,40.9981
2025-12-03,40.9617
2025-12-04,40.951
2025-12-05,41.0758
2025-12-08,41.0592
2025-12-09,40.9975
2025-12-10,40.9775
2025-12-11,40.9593
2025-12-12,40.9629
2025-12-15,40.993
2025-12-16,40.9956
2025-12-17,40.9891
